id;date;score;ik_status;notes;edit_by
1;2021-10-30T05:56:50;60667;indexing Rum Shoes;Awesome override International;Fantastic Metal
2;2021-10-30T07:20:04;50338;North interactive;AI Product Rufiyaa;withdrawal
3;2021-10-29T20:51:11;37268;synthesizing payment Buckinghamshire;Car;access navigate
4;2021-10-29T16:55:05;64996;e-enable red Buckinghamshire;Sausages Mouse;Security
5;2021-10-29T22:57:29;10437;Plastic navigating Account;models Refined;metrics Security
6;2021-10-29T19:42:31;64342;Dynamic;Sleek EXE;solid
7;2021-10-30T09:23:12;35771;Özbekistan Cotton deposit;İngiltere PCI Minnesota;encryption
8;2021-10-29T12:36:27;13602;withdrawal;portals;partnerships Junction
9;2021-10-29T21:54:22;98164;deploy Bacon;Lanka Ville bandwidth;Buckinghamshire array generate
10;2021-10-30T06:13:30;55321;JBOD;synthesize Carolina Gloves;Facilitator protocol payment
