id;date;score;technical_status;notes;edit_by
1;2021-10-29T23:25:44;60172;Optimization Ethiopian;yellow;generate
2;2021-10-29T21:00:10;87750;Facilitator Garden;Specialist;Agent
3;2021-10-29T18:00:48;51775;Berkshire Granite Account;Human Accountability;Stravenue Cotton program
4;2021-10-30T11:13:07;80414;Health;leverage overriding;open directional
5;2021-10-30T00:36:34;90201;Romanya hack;deposit Soap input;Intelligent
6;2021-10-30T08:05:37;69553;Shirt;capacitor Common;compress Salad
7;2021-10-30T11:21:12;33938;mint Account wireless;grow;quantifying extranet Plastic
8;2021-10-29T17:46:57;31963;Loop Small system;Marks Global Bike;Planner Decentralized Open-source
9;2021-10-29T20:59:42;93280;Beauty;local Profit-focused fault-tolerant;Cape
10;2021-10-30T00:38:03;74411;bypass Garden Spurs;Cotton;Kids
